编号,功能,用例标题,前置条件,测试数据,操作步骤,预期结果,实际结果,缺陷单号,用例类型,备注
1,登录,正确用户名和密码登录成功,已进入登录页；账号状态正常,用户名：testuser01；密码：Abc123456,"1. 输入正确用户名
2. 输入正确密码
3. 点击“登录”","1. 登录成功
2. 跳转系统首页
3. 创建有效登录会话",通过,,正向,
2,登录,用户名为空时提示校验信息,已进入登录页,用户名：空；密码：Abc123456,"1. 用户名留空
2. 输入密码
3. 点击“登录”","1. 页面提示“请输入用户名”或等效文案
2. 不允许登录
3. 页面不跳转",不通过,QXWT-xxxxx-xxxxxx,异常,错误描述\截图等等
3,登录,密码为空时提示校验信息,已进入登录页,用户名：testuser01；密码：空,"1. 输入用户名
2. 密码留空
3. 点击“登录”","1. 页面提示“请输入密码”或等效文案
2. 不允许登录
3. 页面不跳转",,,异常,
4,登录,用户名和密码均为空时提示校验信息,已进入登录页,用户名：空；密码：空,"1. 用户名、密码均不输入
2. 点击“登录”","1. 页面给出必填校验提示
2. 不允许登录
3. 页面不跳转",,,异常,
5,登录,用户名不存在时登录失败,已进入登录页,用户名：notexist001；密码：Abc123456,"1. 输入不存在的用户名
2. 输入任意密码
3. 点击“登录”","1. 登录失败
2. 提示“用户名或密码错误”类通用文案
3. 不泄露“用户名不存在”等敏感信息",,,异常/安全,
6,登录,用户名正确但密码错误时登录失败,已进入登录页；账号存在且状态正常,用户名：testuser01；密码：Wrong123,"1. 输入正确用户名
2. 输入错误密码
3. 点击“登录”","1. 登录失败
2. 提示“用户名或密码错误”
3. 页面不跳转",,,异常,
7,登录,用户名长度小于最小限制时校验失败,已进入登录页；用户名最小长度规则已明确,用户名：ab；密码：Abc123456,"1. 输入长度不足的用户名
2. 输入密码
3. 点击“登录”","1. 页面提示用户名长度不符合要求
2. 不允许登录",,,边界,
8,登录,用户名长度等于最小限制时允许提交,已进入登录页；用户名最小长度规则已明确,用户名：abc；密码：Abc123456,"1. 输入最小长度合法用户名
2. 输入密码
3. 点击“登录”","1. 前端校验通过
2. 若账号存在且密码正确则可登录成功",,,边界,
9,登录,密码长度小于最小限制时校验失败,已进入登录页；密码长度规则已明确,用户名：testuser01；密码：12345,"1. 输入用户名
2. 输入长度不足密码
3. 点击“登录”","1. 页面提示密码长度不符合要求
2. 不允许登录",,,边界,
10,登录,用户名包含前后空格时系统按规则处理,已进入登录页；存在账号 testuser01,"用户名："" testuser01 ""；密码：Abc123456","1. 输入带前后空格的用户名
2. 输入正确密码
3. 点击“登录”","1. 若系统设计为自动去空格，则可正常登录
2. 若不允许，则应明确提示格式非法
3. 行为需与需求一致且唯一",,,异常/边界,
11,登录,密码区分大小写校验正确,已进入登录页；账号存在且密码区分大小写,用户名：testuser01；密码：abc123456（实际正确密码为 Abc123456）,"1. 输入正确用户名
2. 输入仅大小写不同的密码
3. 点击“登录”","1. 登录失败
2. 提示用户名或密码错误",,,功能,
12,登录,连续输错密码达到阈值后账户锁定,已进入登录页；账号状态正常；已配置锁定策略，如连续失败5次锁定,用户名：testuser01；连续输入错误密码,1. 连续输入错误密码并提交，直到达到阈值,"1. 达到阈值后账户被锁定
2. 页面提示账户锁定信息
3. 后续即使输入正确密码也不可登录",,,安全,
13,登录,账户锁定后输入正确密码仍不允许登录,账号已处于锁定状态,用户名：testuser01；密码：Abc123456,"1. 输入被锁定账号的正确用户名密码
2. 点击“登录”","1. 登录失败
2. 明确提示账户已锁定或联系管理员
3. 页面不跳转",,,安全,
14,登录,启用验证码后验证码正确可登录,已进入登录页；系统开启验证码；账号状态正常,用户名：testuser01；密码：Abc123456；验证码：当前正确值,"1. 输入正确用户名密码
2. 输入正确验证码
3. 点击“登录”","1. 登录成功
2. 跳转首页",,,正向,
15,登录,启用验证码后验证码错误不可登录,已进入登录页；系统开启验证码,用户名：testuser01；密码：Abc123456；验证码：错误值,"1. 输入正确用户名密码
2. 输入错误验证码
3. 点击“登录”","1. 登录失败
2. 提示验证码错误
3. 不跳转
4. 可按设计刷新验证码",,,异常,
16,登录,验证码为空时不可登录,已进入登录页；系统开启验证码,用户名：testuser01；密码：Abc123456；验证码：空,"1. 输入用户名和密码
2. 验证码留空
3. 点击“登录”","1. 提示请输入验证码
2. 不允许登录",,,异常,
17,登录,验证码过期时不可登录,已进入登录页；系统开启验证码；验证码存在有效期,用户名：testuser01；密码：Abc123456；验证码：已过期值,"1. 输入正确用户名密码
2. 输入已过期验证码
3. 点击“登录”","1. 登录失败
2. 提示验证码已过期
3. 支持刷新验证码重新输入",,,异常,
18,登录,点击退出后登录态失效,用户已成功登录系统,无,"1. 在系统内点击“退出登录”
2. 再访问系统受限页面","1. 系统返回登录页
2. 原会话失效
3. 无法直接访问受限页面",,,功能/安全,
19,登录,会话超时后访问页面跳回登录页,用户已登录；系统设置会话超时时间,无,"1. 登录系统后不操作，等待超时
2. 再点击菜单或刷新页面","1. 页面提示登录已失效或会话超时
2. 跳转登录页
3. 需要重新登录",,,功能/安全,
20,登录,勾选“记住我”后下次打开仍保留账号信息,已进入登录页；系统支持记住我,用户名：testuser01；密码：Abc123456,"1. 勾选“记住我”
2. 登录成功
3. 退出浏览器重新打开登录页","1. 按需求保留用户名或登录状态
2. 行为符合产品设计
3. 不应明文暴露密码",,,功能/安全,
21,登录,未勾选“记住我”时下次不保留登录信息,已进入登录页；系统支持记住我,用户名：testuser01；密码：Abc123456,"1. 不勾选“记住我”
2. 登录成功
3. 退出浏览器重新打开登录页","1. 不保留登录信息或仅保留允许保留的字段
2. 行为符合产品设计",,,功能,
22,登录,按回车键可触发登录,已进入登录页；账号状态正常,用户名：testuser01；密码：Abc123456,"1. 输入正确用户名和密码
2. 不点击按钮，直接按 Enter","1. 系统触发登录动作
2. 登录成功
3. 行为与点击按钮一致",,,易用性,
23,登录,多端同时登录按系统策略处理,同一账号允许或限制多端登录策略已明确,账号A 在设备1已登录,"1. 设备1登录账号A
2. 设备2再登录账号A","1. 若允许多端同时在线，则两端均可使用
2. 若不允许，则旧会话被踢下线
3. 系统行为与需求一致",,,功能/安全,
24,登录,登录失败提示语不泄露敏感信息,已进入登录页,用户名：不存在用户；密码：任意,"1. 输入不存在用户名
2. 输入任意密码
3. 点击登录","1. 页面仅提示“用户名或密码错误”等通用信息
2. 不提示“用户名不存在”",,,安全,
25,登录,输入SQL注入样式内容时系统应安全拦截,已进入登录页,用户名：' OR '1'='1；密码：任意,"1. 输入注入样式用户名
2. 输入任意密码
3. 点击登录","1. 登录失败
2. 系统不报错、不泄露堆栈信息
3. 数据库与系统安全正常",,,安全,
26,登录,输入特殊字符脚本内容时系统应安全处理,已进入登录页,用户名：<script>alert(1)</script>；密码：任意,"1. 输入脚本样式内容
2. 点击登录","1. 页面不执行脚本
2. 登录失败或按规则提示格式非法
3. 系统无异常",,,安全,
27,登录,登录按钮防重复提交,已进入登录页；账号状态正常,用户名：testuser01；密码：Abc123456,"1. 输入正确用户名密码
2. 连续快速点击登录按钮多次","1. 系统仅发起一次有效登录请求或正确去重
2. 不出现重复登录、重复跳转、报错",,,功能/性能,
28,登录,登录成功后浏览器回退不应返回可操作的登录前受限页,用户已登录并访问受限页面,无,"1. 登录成功进入系统
2. 退出登录
3. 点击浏览器回退","1. 不应恢复到可操作的受限页面
2. 若显示缓存页，刷新后必须跳转登录页",,,安全,
,,,,,,,,,,
,,,,,,,,,,
,,,,,,,,,,
,,,,,,,,,,
,,,,,,,,,,
,,,,,,,,,,
,,,,,,,,,,
,,,,,,,,,,
,,,,,,,,,,
,,,,,,,,,,
,,,,,,,,,,
,,,,,,,,,,
,,,,,,,,,,
,,,,,,,,,,
,,,,,,,,,,
,,,,,,,,,,
,,,,,,,,,,
,,,,,,,,,,
,,,,,,,,,,
,,,,,,,,,,
,,,,,,,,,,
,,,,,,,,,,
,,,,,,,,,,
,,,,,,,,,,
,,,,,,,,,,
,,,,,,,,,,
,,,,,,,,,,
,,,,,,,,,,
,,,,,,,,,,
,,,,,,,,,,
,,,,,,,,,,
,,,,,,,,,,
,,,,,,,,,,
,,,,,,,,,,
,,,,,,,,,,
,,,,,,,,,,
,,,,,,,,,,
,,,,,,,,,,
,,,,,,,,,,
,,,,,,,,,,
,,,,,,,,,,
,,,,,,,,,,
,,,,,,,,,,
,,,,,,,,,,
,,,,,,,,,,
,,,,,,,,,,
,,,,,,,,,,
,,,,,,,,,,
,,,,,,,,,,
,,,,,,,,,,
,,,,,,,,,,
,,,,,,,,,,
,,,,,,,,,,
,,,,,,,,,,
,,,,,,,,,,
,,,,,,,,,,
,,,,,,,,,,
,,,,,,,,,,
,,,,,,,,,,
,,,,,,,,,,
,,,,,,,,,,
,,,,,,,,,,
,,,,,,,,,,
,,,,,,,,,,
,,,,,,,,,,
,,,,,,,,,,
,,,,,,,,,,
,,,,,,,,,,
,,,,,,,,,,
,,,,,,,,,,
,,,,,,,,,,
,,,,,,,,,,
,,,,,,,,,,
,,,,,,,,,,
,,,,,,,,,,
,,,,,,,,,,
,,,,,,,,,,
,,,,,,,,,,
,,,,,,,,,,
,,,,,,,,,,
,,,,,,,,,,
,,,,,,,,,,
,,,,,,,,,,
,,,,,,,,,,
,,,,,,,,,,
,,,,,,,,,,
,,,,,,,,,,
,,,,,,,,,,
,,,,,,,,,,
,,,,,,,,,,
,,,,,,,,,,
,,,,,,,,,,
,,,,,,,,,,
,,,,,,,,,,
,,,,,,,,,,
,,,,,,,,,,
,,,,,,,,,,
,,,,,,,,,,
,,,,,,,,,,
,,,,,,,,,,
,,,,,,,,,,
,,,,,,,,,,
,,,,,,,,,,
,,,,,,,,,,
,,,,,,,,,,
,,,,,,,,,,
,,,,,,,,,,
,,,,,,,,,,
,,,,,,,,,,
,,,,,,,,,,
,,,,,,,,,,
,,,,,,,,,,
,,,,,,,,,,
,,,,,,,,,,
,,,,,,,,,,
,,,,,,,,,,
,,,,,,,,,,
,,,,,,,,,,
,,,,,,,,,,
,,,,,,,,,,
,,,,,,,,,,
,,,,,,,,,,
,,,,,,,,,,
,,,,,,,,,,
,,,,,,,,,,
,,,,,,,,,,
,,,,,,,,,,
,,,,,,,,,,
,,,,,,,,,,
,,,,,,,,,,
,,,,,,,,,,
,,,,,,,,,,
,,,,,,,,,,
,,,,,,,,,,
,,,,,,,,,,
,,,,,,,,,,
,,,,,,,,,,
,,,,,,,,,,
,,,,,,,,,,
,,,,,,,,,,
,,,,,,,,,,
,,,,,,,,,,
,,,,,,,,,,
,,,,,,,,,,
,,,,,,,,,,
,,,,,,,,,,
,,,,,,,,,,
,,,,,,,,,,
,,,,,,,,,,
,,,,,,,,,,
,,,,,,,,,,
,,,,,,,,,,
,,,,,,,,,,
,,,,,,,,,,
,,,,,,,,,,
,,,,,,,,,,
,,,,,,,,,,
,,,,,,,,,,
,,,,,,,,,,
,,,,,,,,,,
,,,,,,,,,,
,,,,,,,,,,
,,,,,,,,,,
,,,,,,,,,,
,,,,,,,,,,
,,,,,,,,,,
,,,,,,,,,,
,,,,,,,,,,
,,,,,,,,,,
,,,,,,,,,,
,,,,,,,,,,
